0.758721,1
0.361028,2
0.313822,3
0.301115,4
0.291752,5
0.283248,6
0.275350,7
0.267993,8
0.261134,9
0.254735,10
0.248762,11
0.243184,12
0.237973,13
0.233100,14
0.228543,15
0.224278,16
0.220285,17
0.216543,18
0.213036,19
0.209747,20
0.206660,21
0.203761,22
0.201038,23
0.198477,24
0.196067,25
0.193799,26
0.191661,27
0.189646,28
0.187745,29
0.185949,30
0.184253,31
0.182648,32
0.181129,33
0.179690,34
0.178326,35
0.177031,36
0.175802,37
0.174633,38
0.173521,39
0.172462,40
0.171453,41
0.170491,42
0.169572,43
0.168694,44
0.167854,45
0.167049,46
0.166279,47
0.165540,48
0.164830,49
0.164149,50
0.163494,51
0.162863,52
0.162256,53
0.161670,54
0.161106,55
0.160560,56
0.160033,57
0.159524,58
0.159031,59
0.158553,60
0.158090,61
0.157641,62
0.157206,63
0.156782,64
0.156371,65
0.155971,66
0.155581,67
0.155202,68
0.154833,69
0.154473,70
0.154121,71
0.153778,72
0.153443,73
0.153115,74
0.152795,75
0.152482,76
0.152176,77
0.151875,78
0.151581,79
0.151293,80
0.151010,81
0.150733,82
0.150461,83
0.150194,84
0.149931,85
0.149673,86
0.149420,87
0.149170,88
0.148925,89
0.148684,90
0.148446,91
0.148212,92
0.147981,93
0.147754,94
0.147530,95
0.147309,96
0.147092,97
0.146877,98
0.146665,99
0.146455,100
0.146249,101
0.146044,102
0.145843,103
0.145643,104
0.145446,105
0.145251,106
0.145058,107
0.144868,108
0.144679,109
0.144493,110
0.144308,111
0.144125,112
0.143944,113
0.143765,114
0.143587,115
0.143411,116
0.143236,117
0.143064,118
0.142892,119
0.142722,120
0.142554,121
0.142387,122
0.142221,123
0.142056,124
0.141893,125
0.141731,126
0.141570,127
0.141411,128
0.141252,129
0.141095,130
0.140939,131
0.140783,132
0.140629,133
0.140476,134
0.140324,135
0.140173,136
0.140022,137
0.139873,138
0.139724,139
0.139577,140
0.139430,141
0.139284,142
0.139139,143
0.138994,144
0.138851,145
0.138708,146
0.138565,147
0.138424,148
0.138283,149
0.138143,150
0.138004,151
0.137865,152
0.137727,153
0.137589,154
0.137453,155
0.137316,156
0.137181,157
0.137046,158
0.136911,159
0.136777,160
0.136644,161
0.136511,162
0.136378,163
0.136246,164
0.136115,165
0.135984,166
0.135854,167
0.135724,168
0.135594,169
0.135465,170
0.135337,171
0.135208,172
0.135081,173
0.134953,174
0.134826,175
0.134700,176
0.134574,177
0.134448,178
0.134323,179
0.134198,180
0.134073,181
0.133949,182
0.133825,183
0.133702,184
0.133578,185
0.133456,186
0.133333,187
0.133211,188
0.133089,189
0.132967,190
0.132846,191
0.132725,192
0.132605,193
0.132484,194
0.132364,195
0.132245,196
0.132125,197
0.132006,198
0.131887,199
0.131769,200
0.131650,201
0.131532,202
0.131414,203
0.131297,204
0.131179,205
0.131062,206
0.130946,207
0.130829,208
0.130713,209
0.130597,210
0.130481,211
0.130365,212
0.130250,213
0.130135,214
0.130020,215
0.129905,216
0.129790,217
0.129676,218
0.129562,219
0.129448,220
0.129335,221
0.129221,222
0.129108,223
0.128995,224
0.128882,225
0.128770,226
0.128657,227
0.128545,228
0.128433,229
0.128321,230
0.128209,231
0.128098,232
0.127987,233
0.127875,234
0.127764,235
0.127654,236
0.127543,237
0.127433,238
0.127323,239
0.127212,240
0.127103,241
0.126993,242
0.126883,243
0.126774,244
0.126665,245
0.126556,246
0.126447,247
0.126338,248
0.126229,249
0.126121,250
0.126013,251
0.125905,252
0.125797,253
0.125689,254
0.125581,255
0.125474,256
0.125367,257
0.125259,258
0.125152,259
0.125046,260
0.124939,261
0.124832,262
0.124726,263
0.124619,264
0.124513,265
0.124407,266
0.124301,267
0.124196,268
0.124090,269
0.123985,270
0.123879,271
0.123774,272
0.123669,273
0.123564,274
0.123460,275
0.123355,276
0.123250,277
0.123146,278
0.123042,279
0.122938,280
0.122834,281
0.122730,282
0.122626,283
0.122523,284
0.122419,285
0.122316,286
0.122213,287
0.122110,288
0.122007,289
0.121904,290
0.121802,291
0.121699,292
0.121597,293
0.121494,294
0.121392,295
0.121290,296
0.121188,297
0.121086,298
0.120985,299
0.120883,300
0.120782,301
0.120681,302
0.120579,303
0.120478,304
0.120377,305
0.120277,306
0.120176,307
0.120075,308
0.119975,309
0.119875,310
0.119774,311
0.119674,312
0.119574,313
0.119474,314
0.119375,315
0.119275,316
0.119176,317
0.119076,318
0.118977,319
0.118878,320
0.118779,321
0.118680,322
0.118581,323
0.118482,324
0.118384,325
0.118285,326
0.118187,327
0.118089,328
0.117991,329
0.117892,330
0.117795,331
0.117697,332
0.117599,333
0.117502,334
0.117404,335
0.117307,336
0.117210,337
0.117112,338
0.117015,339
0.116919,340
0.116822,341
0.116725,342
0.116629,343
0.116532,344
0.116436,345
0.116340,346
0.116243,347
0.116147,348
0.116052,349
0.115956,350
0.115860,351
0.115765,352
0.115669,353
0.115574,354
0.115479,355
0.115383,356
0.115288,357
0.115193,358
0.115099,359
0.115004,360
0.114909,361
0.114815,362
0.114721,363
0.114626,364
0.114532,365
0.114438,366
0.114344,367
0.114250,368
0.114157,369
0.114063,370
0.113969,371
0.113876,372
0.113783,373
0.113690,374
0.113597,375
0.113504,376
0.113411,377
0.113318,378
0.113225,379
0.113133,380
0.113040,381
0.112948,382
0.112856,383
0.112764,384
0.112672,385
0.112580,386
0.112488,387
0.112396,388
0.112305,389
0.112213,390
0.112122,391
0.112030,392
0.111939,393
0.111848,394
0.111757,395
0.111666,396
0.111576,397
0.111485,398
0.111394,399
0.111304,400
0.111214,401
0.111123,402
0.111033,403
0.110943,404
0.110853,405
0.110763,406
0.110674,407
0.110584,408
0.110495,409
0.110405,410
0.110316,411
0.110227,412
0.110138,413
0.110049,414
0.109960,415
0.109871,416
0.109782,417
0.109694,418
0.109605,419
0.109517,420
0.109428,421
0.109340,422
0.109252,423
0.109164,424
0.109076,425
0.108989,426
0.108901,427
0.108813,428
0.108726,429
0.108639,430
0.108551,431
0.108464,432
0.108377,433
0.108290,434
0.108203,435
0.108117,436
0.108030,437
0.107944,438
0.107857,439
0.107771,440
0.107685,441
0.107598,442
0.107512,443
0.107426,444
0.107341,445
0.107255,446
0.107169,447
0.107084,448
0.106998,449
0.106913,450
0.106828,451
0.106743,452
0.106658,453
0.106573,454
0.106488,455
0.106403,456
0.106319,457
0.106234,458
0.106150,459
0.106065,460
0.105981,461
0.105897,462
0.105813,463
0.105729,464
0.105645,465
0.105562,466
0.105478,467
0.105395,468
0.105311,469
0.105228,470
0.105145,471
0.105061,472
0.104978,473
0.104896,474
0.104813,475
0.104730,476
0.104647,477
0.104565,478
0.104482,479
0.104400,480
0.104318,481
0.104236,482
0.104154,483
0.104072,484
0.103990,485
0.103908,486
0.103827,487
0.103745,488
0.103664,489
0.103582,490
0.103501,491
0.103420,492
0.103339,493
0.103258,494
0.103177,495
0.103096,496
0.103016,497
0.102935,498
0.102855,499
0.102774,500
0.102694,501
0.102614,502
0.102534,503
0.102454,504
0.102374,505
0.102294,506
0.102215,507
0.102135,508
0.102056,509
0.101976,510
0.101897,511
0.101818,512
0.101739,513
0.101660,514
0.101581,515
0.101502,516
0.101423,517
0.101345,518
0.101266,519
0.101188,520
0.101109,521
0.101031,522
0.100953,523
0.100875,524
0.100797,525
0.100719,526
0.100642,527
0.100564,528
0.100486,529
0.100409,530
0.100331,531
0.100254,532
0.100177,533
0.100100,534
0.100023,535
0.099946,536
0.099869,537
0.099793,538
0.099716,539
0.099639,540
0.099563,541
0.099487,542
0.099411,543
0.099334,544
0.099258,545
0.099182,546
0.099107,547
0.099031,548
0.098955,549
0.098880,550
0.098804,551
0.098729,552
0.098653,553
0.098578,554
0.098503,555
0.098428,556
0.098353,557
0.098278,558
0.098204,559
0.098129,560
0.098055,561
0.097980,562
0.097906,563
0.097831,564
0.097757,565
0.097683,566
0.097609,567
0.097535,568
0.097462,569
0.097388,570
0.097314,571
0.097241,572
0.097167,573
0.097094,574
0.097021,575
0.096948,576
0.096874,577
0.096802,578
0.096729,579
0.096656,580
0.096583,581
0.096511,582
0.096438,583
0.096366,584
0.096293,585
0.096221,586
0.096149,587
0.096077,588
0.096005,589
0.095933,590
0.095861,591
0.095789,592
0.095718,593
0.095646,594
0.095575,595
0.095503,596
0.095432,597
0.095361,598
0.095290,599
0.095219,600
0.095148,601
0.095077,602
0.095007,603
0.094936,604
0.094865,605
0.094795,606
0.094725,607
0.094654,608
0.094584,609
0.094514,610
0.094444,611
0.094374,612
0.094304,613
0.094234,614
0.094165,615
0.094095,616
0.094026,617
0.093956,618
0.093887,619
0.093818,620
0.093749,621
0.093680,622
0.093611,623
0.093542,624
0.093473,625
0.093404,626
0.093336,627
0.093267,628
0.093199,629
0.093130,630
0.093062,631
0.092994,632
0.092926,633
0.092858,634
0.092790,635
0.092722,636
0.092654,637
0.092587,638
0.092519,639
0.092452,640
0.092384,641
0.092317,642
0.092250,643
0.092183,644
0.092115,645
0.092048,646
0.091982,647
0.091915,648
0.091848,649
0.091781,650
0.091715,651
0.091648,652
0.091582,653
0.091516,654
0.091449,655
0.091383,656
0.091317,657
0.091251,658
0.091185,659
0.091120,660
0.091054,661
0.090988,662
0.090923,663
0.090857,664
0.090792,665
0.090726,666
0.090661,667
0.090596,668
0.090531,669
0.090466,670
0.090401,671
0.090336,672
0.090272,673
0.090207,674
0.090142,675
0.090078,676
0.090013,677
0.089949,678
0.089885,679
0.089821,680
0.089757,681
0.089693,682
0.089629,683
0.089565,684
0.089501,685
0.089437,686
0.089374,687
0.089310,688
0.089247,689
0.089184,690
0.089120,691
0.089057,692
0.088994,693
0.088931,694
0.088868,695
0.088805,696
0.088742,697
0.088680,698
0.088617,699
0.088554,700
0.088492,701
0.088430,702
0.088367,703
0.088305,704
0.088243,705
0.088181,706
0.088119,707
0.088057,708
0.087995,709
0.087933,710
0.087871,711
0.087810,712
0.087748,713
0.087687,714
0.087625,715
0.087564,716
0.087503,717
0.087442,718
0.087381,719
0.087320,720
0.087259,721
0.087198,722
0.087137,723
0.087076,724
0.087016,725
0.086955,726
0.086895,727
0.086834,728
0.086774,729
0.086714,730
0.086654,731
0.086594,732
0.086534,733
0.086474,734
0.086414,735
0.086354,736
0.086294,737
0.086235,738
0.086175,739
0.086116,740
0.086056,741
0.085997,742
0.085938,743
0.085878,744
0.085819,745
0.085760,746
0.085701,747
0.085642,748
0.085583,749
0.085525,750
0.085466,751
0.085407,752
0.085349,753
0.085290,754
0.085232,755
0.085174,756
0.085116,757
0.085057,758
0.084999,759
0.084941,760
0.084883,761
0.084825,762
0.084768,763
0.084710,764
0.084652,765
0.084595,766
0.084537,767
0.084480,768
0.084422,769
0.084365,770
0.084308,771
0.084251,772
0.084194,773
0.084137,774
0.084080,775
0.084023,776
0.083966,777
0.083909,778
0.083853,779
0.083796,780
0.083739,781
0.083683,782
0.083627,783
0.083570,784
0.083514,785
0.083458,786
0.083402,787
0.083346,788
0.083290,789
0.083234,790
0.083178,791
0.083122,792
0.083067,793
0.083011,794
0.082955,795
0.082900,796
0.082845,797
0.082789,798
0.082734,799
0.082679,800
0.082624,801
0.082568,802
0.082513,803
0.082459,804
0.082404,805
0.082349,806
0.082294,807
0.082239,808
0.082185,809
0.082130,810
0.082076,811
0.082021,812
0.081967,813
0.081913,814
0.081859,815
0.081805,816
0.081750,817
0.081696,818
0.081643,819
0.081589,820
0.081535,821
0.081481,822
0.081427,823
0.081374,824
0.081320,825
0.081267,826
0.081213,827
0.081160,828
0.081107,829
0.081054,830
0.081000,831
0.080947,832
0.080894,833
0.080841,834
0.080788,835
0.080736,836
0.080683,837
0.080630,838
0.080577,839
0.080525,840
0.080472,841
0.080420,842
0.080368,843
0.080315,844
0.080263,845
0.080211,846
0.080159,847
0.080107,848
0.080055,849
0.080003,850
0.079951,851
0.079899,852
0.079847,853
0.079795,854
0.079744,855
0.079692,856
0.079641,857
0.079589,858
0.079538,859
0.079487,860
0.079435,861
0.079384,862
0.079333,863
0.079282,864
0.079231,865
0.079180,866
0.079129,867
0.079078,868
0.079027,869
0.078977,870
0.078926,871
0.078876,872
0.078825,873
0.078775,874
0.078724,875
0.078674,876
0.078623,877
0.078573,878
0.078523,879
0.078473,880
0.078423,881
0.078373,882
0.078323,883
0.078273,884
0.078223,885
0.078174,886
0.078124,887
0.078074,888
0.078025,889
0.077975,890
0.077926,891
0.077876,892
0.077827,893
0.077778,894
0.077728,895
0.077679,896
0.077630,897
0.077581,898
0.077532,899
0.077483,900
0.077434,901
0.077385,902
0.077337,903
0.077288,904
0.077239,905
0.077191,906
0.077142,907
0.077094,908
0.077045,909
0.076997,910
0.076949,911
0.076900,912
0.076852,913
0.076804,914
0.076756,915
0.076708,916
0.076660,917
0.076612,918
0.076564,919
0.076516,920
0.076468,921
0.076421,922
0.076373,923
0.076326,924
0.076278,925
0.076231,926
0.076183,927
0.076136,928
0.076088,929
0.076041,930
0.075994,931
0.075947,932
0.075900,933
0.075853,934
0.075806,935
0.075759,936
0.075712,937
0.075665,938
0.075618,939
0.075572,940
0.075525,941
0.075478,942
0.075432,943
0.075385,944
0.075339,945
0.075292,946
0.075246,947
0.075200,948
0.075154,949
0.075107,950
0.075061,951
0.075015,952
0.074969,953
0.074923,954
0.074877,955
0.074831,956
0.074786,957
0.074740,958
0.074694,959
0.074648,960
0.074603,961
0.074557,962
0.074512,963
0.074466,964
0.074421,965
0.074375,966
0.074330,967
0.074285,968
0.074240,969
0.074195,970
0.074149,971
0.074104,972
0.074059,973
0.074014,974
0.073970,975
0.073925,976
0.073880,977
0.073835,978
0.073791,979
0.073746,980
0.073701,981
0.073657,982
0.073612,983
0.073568,984
0.073523,985
0.073479,986
0.073435,987
0.073390,988
0.073346,989
0.073302,990
0.073258,991
0.073214,992
0.073170,993
0.073126,994
0.073082,995
0.073038,996
0.072994,997
0.072951,998
0.072907,999
0.072863,1000
0.072820,1001
0.072776,1002
0.072733,1003
0.072689,1004
0.072646,1005
0.072602,1006
0.072559,1007
0.072516,1008
0.072473,1009
0.072429,1010
0.072386,1011
0.072343,1012
0.072300,1013
0.072257,1014
0.072214,1015
0.072171,1016
0.072128,1017
0.072086,1018
0.072043,1019
0.072000,1020
0.071957,1021
0.071915,1022
0.071872,1023
0.071830,1024
0.071787,1025
0.071745,1026
0.071702,1027
0.071660,1028
0.071618,1029
0.071575,1030
0.071533,1031
0.071491,1032
0.071449,1033
0.071407,1034
0.071365,1035
0.071323,1036
0.071281,1037
0.071239,1038
0.071197,1039
0.071155,1040
0.071114,1041
0.071072,1042
0.071030,1043
0.070989,1044
0.070947,1045
0.070906,1046
0.070864,1047
0.070823,1048
0.070781,1049
0.070740,1050
0.070699,1051
0.070657,1052
0.070616,1053
0.070575,1054
0.070534,1055
0.070493,1056
0.070452,1057
0.070411,1058
0.070370,1059
0.070329,1060
0.070288,1061
0.070247,1062
0.070206,1063
0.070165,1064
0.070125,1065
0.070084,1066
0.070043,1067
0.070003,1068
0.069962,1069
0.069922,1070
0.069881,1071
0.069841,1072
0.069801,1073
0.069760,1074
0.069720,1075
0.069680,1076
0.069640,1077
0.069600,1078
0.069559,1079
0.069519,1080
0.069479,1081
0.069439,1082
0.069399,1083
0.069360,1084
0.069320,1085
0.069280,1086
0.069240,1087
0.069200,1088
0.069161,1089
0.069121,1090
0.069081,1091
0.069042,1092
0.069002,1093
0.068963,1094
0.068923,1095
0.068884,1096
0.068845,1097
0.068805,1098
0.068766,1099
0.068727,1100
0.068688,1101
0.068648,1102
0.068609,1103
0.068570,1104
0.068531,1105
0.068492,1106
0.068453,1107
0.068414,1108
0.068375,1109
0.068336,1110
0.068298,1111
0.068259,1112
0.068220,1113
0.068182,1114
0.068143,1115
0.068104,1116
0.068066,1117
0.068027,1118
0.067989,1119
0.067950,1120
0.067912,1121
0.067873,1122
0.067835,1123
0.067797,1124
0.067759,1125
0.067720,1126
0.067682,1127
0.067644,1128
0.067606,1129
0.067568,1130
0.067530,1131
0.067492,1132
0.067454,1133
0.067416,1134
0.067378,1135
0.067340,1136
0.067302,1137
0.067265,1138
0.067227,1139
0.067189,1140
0.067152,1141
0.067114,1142
0.067076,1143
0.067039,1144
0.067001,1145
0.066964,1146
0.066927,1147
0.066889,1148
0.066852,1149
0.066815,1150
0.066777,1151
0.066740,1152
0.066703,1153
0.066666,1154
0.066629,1155
0.066591,1156
0.066554,1157
0.066517,1158
0.066480,1159
0.066443,1160
0.066407,1161
0.066370,1162
0.066333,1163
0.066296,1164
0.066259,1165
0.066223,1166
0.066186,1167
0.066149,1168
0.066113,1169
0.066076,1170
0.066039,1171
0.066003,1172
0.065967,1173
0.065930,1174
0.065894,1175
0.065857,1176
0.065821,1177
0.065785,1178
0.065748,1179
0.065712,1180
0.065676,1181
0.065640,1182
0.065604,1183
0.065568,1184
0.065532,1185
0.065496,1186
0.065460,1187
0.065424,1188
0.065388,1189
0.065352,1190
0.065316,1191
0.065280,1192
0.065244,1193
0.065209,1194
0.065173,1195
0.065137,1196
0.065102,1197
0.065066,1198
0.065030,1199
0.064995,1200
0.064959,1201
0.064924,1202
0.064889,1203
0.064853,1204
0.064818,1205
0.064782,1206
0.064747,1207
0.064712,1208
0.064677,1209
0.064641,1210
0.064606,1211
0.064571,1212
0.064536,1213
0.064501,1214
0.064466,1215
0.064431,1216
0.064396,1217
0.064361,1218
0.064326,1219
0.064291,1220
0.064256,1221
0.064222,1222
0.064187,1223
0.064152,1224
0.064117,1225
0.064083,1226
0.064048,1227
0.064014,1228
0.063979,1229
0.063944,1230
0.063910,1231
0.063875,1232
0.063841,1233
0.063807,1234
0.063772,1235
0.063738,1236
0.063704,1237
0.063669,1238
0.063635,1239
0.063601,1240
0.063567,1241
0.063532,1242
0.063498,1243
0.063464,1244
0.063430,1245
0.063396,1246
0.063362,1247
0.063328,1248
0.063294,1249
0.063260,1250
0.063226,1251
0.063193,1252
0.063159,1253
0.063125,1254
0.063091,1255
0.063058,1256
0.063024,1257
0.062990,1258
0.062957,1259
0.062923,1260
0.062889,1261
0.062856,1262
0.062822,1263
0.062789,1264
0.062755,1265
0.062722,1266
0.062689,1267
0.062655,1268
0.062622,1269
0.062589,1270
0.062555,1271
0.062522,1272
0.062489,1273
0.062456,1274
0.062423,1275
0.062390,1276
0.062357,1277
0.062323,1278
0.062290,1279
0.062257,1280
0.062225,1281
0.062192,1282
0.062159,1283
0.062126,1284
0.062093,1285
0.062060,1286
0.062027,1287
0.061995,1288
0.061962,1289
0.061929,1290
0.061897,1291
0.061864,1292
0.061831,1293
0.061799,1294
0.061766,1295
0.061734,1296
0.061701,1297
0.061669,1298
0.061636,1299
0.061604,1300
0.061572,1301
0.061539,1302
0.061507,1303
0.061475,1304
0.061442,1305
0.061410,1306
0.061378,1307
0.061346,1308
0.061314,1309
0.061281,1310
0.061249,1311
0.061217,1312
0.061185,1313
0.061153,1314
0.061121,1315
0.061089,1316
0.061057,1317
0.061026,1318
0.060994,1319
0.060962,1320
0.060930,1321
0.060898,1322
0.060867,1323
0.060835,1324
0.060803,1325
0.060772,1326
0.060740,1327
0.060708,1328
0.060677,1329
0.060645,1330
0.060614,1331
0.060582,1332
0.060551,1333
0.060519,1334
0.060488,1335
0.060456,1336
0.060425,1337
0.060394,1338
0.060362,1339
0.060331,1340
0.060300,1341
0.060269,1342
0.060237,1343
0.060206,1344
0.060175,1345
0.060144,1346
0.060113,1347
0.060082,1348
0.060051,1349
0.060020,1350
0.059989,1351
0.059958,1352
0.059927,1353
0.059896,1354
0.059865,1355
0.059834,1356
0.059803,1357
0.059773,1358
0.059742,1359
0.059711,1360
0.059680,1361
0.059650,1362
0.059619,1363
0.059588,1364
0.059558,1365
0.059527,1366
0.059497,1367
0.059466,1368
0.059436,1369
0.059405,1370
0.059375,1371
0.059344,1372
0.059314,1373
0.059283,1374
0.059253,1375
0.059223,1376
0.059192,1377
0.059162,1378
0.059132,1379
0.059102,1380
0.059072,1381
0.059041,1382
0.059011,1383
0.058981,1384
0.058951,1385
0.058921,1386
0.058891,1387
0.058861,1388
0.058831,1389
0.058801,1390
0.058771,1391
0.058741,1392
0.058711,1393
0.058681,1394
0.058651,1395
0.058622,1396
0.058592,1397
0.058562,1398
0.058532,1399
0.058503,1400
0.058473,1401
0.058443,1402
0.058414,1403
0.058384,1404
0.058354,1405
0.058325,1406
0.058295,1407
0.058266,1408
0.058236,1409
0.058207,1410
0.058177,1411
0.058148,1412
0.058118,1413
0.058089,1414
0.058060,1415
0.058030,1416
0.058001,1417
0.057972,1418
0.057943,1419
0.057913,1420
0.057884,1421
0.057855,1422
0.057826,1423
0.057797,1424
0.057767,1425
0.057738,1426
0.057709,1427
0.057680,1428
0.057651,1429
0.057622,1430
0.057593,1431
0.057564,1432
0.057535,1433
0.057507,1434
0.057478,1435
0.057449,1436
0.057420,1437
0.057391,1438
0.057362,1439
0.057334,1440
0.057305,1441
0.057276,1442
0.057248,1443
0.057219,1444
0.057190,1445
0.057162,1446
0.057133,1447
0.057105,1448
0.057076,1449
0.057047,1450
0.057019,1451
0.056990,1452
0.056962,1453
0.056934,1454
0.056905,1455
0.056877,1456
0.056848,1457
0.056820,1458
0.056792,1459
0.056764,1460
0.056735,1461
0.056707,1462
0.056679,1463
0.056651,1464
0.056622,1465
0.056594,1466
0.056566,1467
0.056538,1468
0.056510,1469
0.056482,1470
0.056454,1471
0.056426,1472
0.056398,1473
0.056370,1474
0.056342,1475
0.056314,1476
0.056286,1477
0.056258,1478
0.056230,1479
0.056202,1480
0.056175,1481
0.056147,1482
0.056119,1483
0.056091,1484
0.056064,1485
0.056036,1486
0.056008,1487
0.055981,1488
0.055953,1489
0.055925,1490
0.055898,1491
0.055870,1492
0.055843,1493
0.055815,1494
0.055787,1495
0.055760,1496
0.055733,1497
0.055705,1498
0.055678,1499
0.055650,1500
0.055623,1501
0.055595,1502
0.055568,1503
0.055541,1504
0.055514,1505
0.055486,1506
0.055459,1507
0.055432,1508
0.055405,1509
0.055377,1510
0.055350,1511
0.055323,1512
0.055296,1513
0.055269,1514
0.055242,1515
0.055215,1516
0.055188,1517
0.055161,1518
0.055134,1519
0.055107,1520
0.055080,1521
0.055053,1522
0.055026,1523
0.054999,1524
0.054972,1525
0.054945,1526
0.054918,1527
0.054892,1528
0.054865,1529
0.054838,1530
0.054811,1531
0.054785,1532
0.054758,1533
0.054731,1534
0.054705,1535
0.054678,1536
0.054651,1537
0.054625,1538
0.054598,1539
0.054572,1540
0.054545,1541
0.054519,1542
0.054492,1543
0.054466,1544
0.054439,1545
0.054413,1546
0.054386,1547
0.054360,1548
0.054333,1549
0.054307,1550
0.054281,1551
0.054254,1552
0.054228,1553
0.054202,1554
0.054176,1555
0.054149,1556
0.054123,1557
0.054097,1558
0.054071,1559
0.054045,1560
0.054019,1561
0.053992,1562
0.053966,1563
0.053940,1564
0.053914,1565
0.053888,1566
0.053862,1567
0.053836,1568
0.053810,1569
0.053784,1570
0.053758,1571
0.053732,1572
0.053707,1573
0.053681,1574
0.053655,1575
0.053629,1576
0.053603,1577
0.053577,1578
0.053552,1579
0.053526,1580
0.053500,1581
0.053474,1582
0.053449,1583
0.053423,1584
0.053397,1585
0.053372,1586
0.053346,1587
0.053320,1588
0.053295,1589
0.053269,1590
0.053244,1591
0.053218,1592
0.053193,1593
0.053167,1594
0.053142,1595
0.053116,1596
0.053091,1597
0.053066,1598
0.053040,1599
0.053015,1600
0.052989,1601
0.052964,1602
0.052939,1603
0.052913,1604
0.052888,1605
0.052863,1606
0.052838,1607
0.052812,1608
0.052787,1609
0.052762,1610
0.052737,1611
0.052712,1612
0.052687,1613
0.052662,1614
0.052636,1615
0.052611,1616
0.052586,1617
0.052561,1618
0.052536,1619
0.052511,1620
0.052486,1621
0.052461,1622
0.052436,1623
0.052412,1624
0.052387,1625
0.052362,1626
0.052337,1627
0.052312,1628
0.052287,1629
0.052262,1630
0.052238,1631
0.052213,1632
0.052188,1633
0.052163,1634
0.052139,1635
0.052114,1636
0.052089,1637
0.052065,1638
0.052040,1639
0.052015,1640
0.051991,1641
0.051966,1642
0.051942,1643
0.051917,1644
0.051892,1645
0.051868,1646
0.051843,1647
0.051819,1648
0.051795,1649
0.051770,1650
0.051746,1651
0.051721,1652
0.051697,1653
0.051672,1654
0.051648,1655
0.051624,1656
0.051599,1657
0.051575,1658
0.051551,1659
0.051527,1660
0.051502,1661
0.051478,1662
0.051454,1663
0.051430,1664
0.051406,1665
0.051381,1666
0.051357,1667
0.051333,1668
0.051309,1669
0.051285,1670
0.051261,1671
0.051237,1672
0.051213,1673
0.051189,1674
0.051165,1675
0.051141,1676
0.051117,1677
0.051093,1678
0.051069,1679
0.051045,1680
0.051021,1681
0.050997,1682
0.050973,1683
0.050949,1684
0.050926,1685
0.050902,1686
0.050878,1687
0.050854,1688
0.050830,1689
0.050807,1690
0.050783,1691
0.050759,1692
0.050736,1693
0.050712,1694
0.050688,1695
0.050665,1696
0.050641,1697
0.050617,1698
0.050594,1699
0.050570,1700
0.050547,1701
0.050523,1702
0.050500,1703
0.050476,1704
0.050453,1705
0.050429,1706
0.050406,1707
0.050382,1708
0.050359,1709
0.050335,1710
0.050312,1711
0.050289,1712
0.050265,1713
0.050242,1714
0.050219,1715
0.050195,1716
0.050172,1717
0.050149,1718
0.050126,1719
0.050102,1720
0.050079,1721
0.050056,1722
0.050033,1723
0.050010,1724
0.049986,1725
0.049963,1726
0.049940,1727
0.049917,1728
0.049894,1729
0.049871,1730
0.049848,1731
0.049825,1732
0.049802,1733
0.049779,1734
0.049756,1735
0.049733,1736
0.049710,1737
0.049687,1738
0.049664,1739
0.049641,1740
0.049618,1741
0.049595,1742
0.049572,1743
0.049550,1744
0.049527,1745
0.049504,1746
0.049481,1747
0.049458,1748
0.049436,1749
0.049413,1750
0.049390,1751
0.049367,1752
0.049345,1753
0.049322,1754
0.049299,1755
0.049277,1756
0.049254,1757
0.049231,1758
0.049209,1759
0.049186,1760
0.049164,1761
0.049141,1762
0.049119,1763
0.049096,1764
0.049074,1765
0.049051,1766
0.049029,1767
0.049006,1768
0.048984,1769
0.048961,1770
0.048939,1771
0.048916,1772
0.048894,1773
0.048872,1774
0.048849,1775
0.048827,1776
0.048805,1777
0.048782,1778
0.048760,1779
0.048738,1780
0.048716,1781
0.048693,1782
0.048671,1783
0.048649,1784
0.048627,1785
0.048604,1786
0.048582,1787
0.048560,1788
0.048538,1789
0.048516,1790
0.048494,1791
0.048472,1792
0.048450,1793
0.048428,1794
0.048406,1795
0.048384,1796
0.048361,1797
0.048340,1798
0.048318,1799
0.048296,1800
0.048274,1801
0.048252,1802
0.048230,1803
0.048208,1804
0.048186,1805
0.048164,1806
0.048142,1807
0.048120,1808
0.048099,1809
0.048077,1810
0.048055,1811
0.048033,1812
0.048011,1813
0.047990,1814
0.047968,1815
0.047946,1816
0.047924,1817
0.047903,1818
0.047881,1819
0.047859,1820
0.047838,1821
0.047816,1822
0.047794,1823
0.047773,1824
0.047751,1825
0.047730,1826
0.047708,1827
0.047687,1828
0.047665,1829
0.047644,1830
0.047622,1831
0.047601,1832
0.047579,1833
0.047558,1834
0.047536,1835
0.047515,1836
0.047493,1837
0.047472,1838
0.047451,1839
0.047429,1840
0.047408,1841
0.047386,1842
0.047365,1843
0.047344,1844
0.047322,1845
0.047301,1846
0.047280,1847
0.047259,1848
0.047237,1849
0.047216,1850
0.047195,1851
0.047174,1852
0.047153,1853
0.047131,1854
0.047110,1855
0.047089,1856
0.047068,1857
0.047047,1858
0.047026,1859
0.047005,1860
0.046984,1861
0.046963,1862
0.046942,1863
0.046921,1864
0.046900,1865
0.046879,1866
0.046858,1867
0.046837,1868
0.046816,1869
0.046795,1870
0.046774,1871
0.046753,1872
0.046732,1873
0.046711,1874
0.046690,1875
0.046669,1876
0.046649,1877
0.046628,1878
0.046607,1879
0.046586,1880
0.046565,1881
0.046544,1882
0.046524,1883
0.046503,1884
0.046482,1885
0.046462,1886
0.046441,1887
0.046420,1888
0.046399,1889
0.046379,1890
0.046358,1891
0.046338,1892
0.046317,1893
0.046296,1894
0.046276,1895
0.046255,1896
0.046235,1897
0.046214,1898
0.046193,1899
0.046173,1900
0.046152,1901
0.046132,1902
0.046111,1903
0.046091,1904
0.046071,1905
0.046050,1906
0.046030,1907
0.046009,1908
0.045989,1909
0.045968,1910
0.045948,1911
0.045928,1912
0.045907,1913
0.045887,1914
0.045867,1915
0.045846,1916
0.045826,1917
0.045806,1918
0.045786,1919
0.045765,1920
0.045745,1921
0.045725,1922
0.045705,1923
0.045684,1924
0.045664,1925
0.045644,1926
0.045624,1927
0.045604,1928
0.045584,1929
0.045564,1930
0.045543,1931
0.045523,1932
0.045503,1933
0.045483,1934
0.045463,1935
0.045443,1936
0.045423,1937
0.045403,1938
0.045383,1939
0.045363,1940
0.045343,1941
0.045323,1942
0.045303,1943
0.045283,1944
0.045263,1945
0.045243,1946
0.045223,1947
0.045204,1948
0.045184,1949
0.045164,1950
0.045144,1951
0.045124,1952
0.045104,1953
0.045085,1954
0.045065,1955
0.045045,1956
0.045025,1957
0.045005,1958
0.044986,1959
0.044966,1960
0.044946,1961
0.044927,1962
0.044907,1963
0.044887,1964
0.044868,1965
0.044848,1966
0.044828,1967
0.044809,1968
0.044789,1969
0.044769,1970
0.044750,1971
0.044730,1972
0.044711,1973
0.044691,1974
0.044672,1975
0.044652,1976
0.044633,1977
0.044613,1978
0.044594,1979
0.044574,1980
0.044555,1981
0.044535,1982
0.044516,1983
0.044496,1984
0.044477,1985
0.044458,1986
0.044438,1987
0.044419,1988
0.044399,1989
0.044380,1990
0.044361,1991
0.044341,1992
0.044322,1993
0.044303,1994
0.044284,1995
0.044264,1996
0.044245,1997
0.044226,1998
0.044206,1999
0.044187,2000
0.044168,2001
0.044149,2002
0.044130,2003
0.044110,2004
0.044091,2005
0.044072,2006
0.044053,2007
0.044034,2008
0.044015,2009
0.043996,2010
0.043977,2011
0.043958,2012
0.043938,2013
0.043919,2014
0.043900,2015
0.043881,2016
0.043862,2017
0.043843,2018
0.043824,2019
0.043805,2020
0.043786,2021
0.043767,2022
0.043749,2023
0.043730,2024
0.043711,2025
0.043692,2026
0.043673,2027
0.043654,2028
0.043635,2029
0.043616,2030
0.043597,2031
0.043579,2032
0.043560,2033
0.043541,2034
0.043522,2035
0.043503,2036
0.043485,2037
0.043466,2038
0.043447,2039
0.043428,2040
0.043410,2041
0.043391,2042
0.043372,2043
0.043354,2044
0.043335,2045
0.043316,2046
0.043298,2047
0.043279,2048
0.043260,2049
0.043242,2050
0.043223,2051
0.043204,2052
0.043186,2053
0.043167,2054
0.043149,2055
0.043130,2056
0.043112,2057
0.043093,2058
0.043075,2059
0.043056,2060
0.043038,2061
0.043019,2062
0.043001,2063
0.042982,2064
0.042964,2065
0.042945,2066
0.042927,2067
0.042908,2068
0.042890,2069
0.042872,2070
0.042853,2071
0.042835,2072
0.042817,2073
0.042798,2074
0.042780,2075
0.042762,2076
0.042743,2077
0.042725,2078
0.042707,2079
0.042688,2080
0.042670,2081
0.042652,2082
0.042634,2083
0.042616,2084
0.042597,2085
0.042579,2086
0.042561,2087
0.042543,2088
0.042525,2089
0.042506,2090
0.042488,2091
0.042470,2092
0.042452,2093
0.042434,2094
0.042416,2095
0.042398,2096
0.042380,2097
0.042362,2098
0.042343,2099
0.042325,2100
0.042307,2101
0.042289,2102
0.042271,2103
0.042253,2104
0.042235,2105
0.042217,2106
0.042199,2107
0.042181,2108
0.042164,2109
0.042146,2110
0.042128,2111
0.042110,2112
0.042092,2113
0.042074,2114
0.042056,2115
0.042038,2116
0.042020,2117
0.042003,2118
0.041985,2119
0.041967,2120
0.041949,2121
0.041931,2122
0.041913,2123
0.041896,2124
0.041878,2125
0.041860,2126
0.041842,2127
0.041825,2128
0.041807,2129
0.041789,2130
0.041772,2131
0.041754,2132
0.041736,2133
0.041719,2134
0.041701,2135
0.041683,2136
0.041666,2137
0.041648,2138
0.041630,2139
0.041613,2140
0.041595,2141
0.041578,2142
0.041560,2143
0.041542,2144
0.041525,2145
0.041507,2146
0.041490,2147
0.041472,2148
0.041455,2149
0.041437,2150
0.041420,2151
0.041402,2152
0.041385,2153
0.041367,2154
0.041350,2155
0.041333,2156
0.041315,2157
0.041298,2158
0.041280,2159
0.041263,2160
0.041246,2161
0.041228,2162
0.041211,2163
0.041193,2164
0.041176,2165
0.041159,2166
0.041141,2167
0.041124,2168
0.041107,2169
0.041090,2170
0.041072,2171
0.041055,2172
0.041038,2173
0.041021,2174
0.041003,2175
0.040986,2176
0.040969,2177
0.040952,2178
0.040934,2179
0.040917,2180
0.040900,2181
0.040883,2182
0.040866,2183
0.040849,2184
0.040832,2185
0.040814,2186
0.040797,2187
0.040780,2188
0.040763,2189
0.040746,2190
0.040729,2191
0.040712,2192
0.040695,2193
0.040678,2194
0.040661,2195
0.040644,2196
0.040627,2197
0.040610,2198
0.040593,2199
0.040576,2200
0.040559,2201
0.040542,2202
0.040525,2203
0.040508,2204
0.040491,2205
0.040474,2206
0.040457,2207
0.040440,2208
0.040424,2209
0.040407,2210
0.040390,2211
0.040373,2212
0.040356,2213
0.040339,2214
0.040322,2215
0.040306,2216
0.040289,2217
0.040272,2218
0.040255,2219
0.040238,2220
0.040222,2221
0.040205,2222
0.040188,2223
0.040171,2224
0.040155,2225
0.040138,2226
0.040121,2227
0.040105,2228
0.040088,2229
0.040071,2230
0.040055,2231
0.040038,2232
0.040021,2233
0.040005,2234
0.039988,2235
0.039971,2236
0.039955,2237
0.039938,2238
0.039922,2239
0.039905,2240
0.039888,2241
0.039872,2242
0.039855,2243
0.039839,2244
0.039822,2245
0.039806,2246
0.039789,2247
0.039773,2248
0.039756,2249
0.039740,2250
0.039723,2251
0.039707,2252
0.039690,2253
0.039674,2254
0.039658,2255
0.039641,2256
0.039625,2257
0.039608,2258
0.039592,2259
0.039576,2260
0.039559,2261
0.039543,2262
0.039527,2263
0.039510,2264
0.039494,2265
0.039478,2266
0.039461,2267
0.039445,2268
0.039429,2269
0.039412,2270
0.039396,2271
0.039380,2272
0.039364,2273
0.039347,2274
0.039331,2275
0.039315,2276
0.039299,2277
0.039282,2278
0.039266,2279
0.039250,2280
0.039234,2281
0.039218,2282
0.039202,2283
0.039185,2284
0.039169,2285
0.039153,2286
0.039137,2287
0.039121,2288
0.039105,2289
0.039089,2290
0.039073,2291
0.039056,2292
0.039040,2293
0.039024,2294
0.039008,2295
0.038992,2296
0.038976,2297
0.038960,2298
0.038944,2299
0.038928,2300
0.038912,2301
0.038896,2302
0.038880,2303
0.038864,2304
0.038848,2305
0.038832,2306
0.038816,2307
0.038801,2308
0.038785,2309
0.038769,2310
0.038753,2311
0.038737,2312
0.038721,2313
0.038705,2314
0.038689,2315
0.038673,2316
0.038658,2317
0.038642,2318
0.038626,2319
0.038610,2320
0.038594,2321
0.038578,2322
0.038563,2323
0.038547,2324
0.038531,2325
0.038515,2326
0.038500,2327
0.038484,2328
0.038468,2329
0.038452,2330
0.038437,2331
0.038421,2332
0.038405,2333
0.038390,2334
0.038374,2335
0.038358,2336
0.038343,2337
0.038327,2338
0.038311,2339
0.038296,2340
0.038280,2341
0.038264,2342
0.038249,2343
0.038233,2344
0.038218,2345
0.038202,2346
0.038186,2347
0.038171,2348
0.038155,2349
0.038140,2350
0.038124,2351
0.038109,2352
0.038093,2353
0.038078,2354
0.038062,2355
0.038047,2356
0.038031,2357
0.038016,2358
0.038000,2359
0.037985,2360
0.037969,2361
0.037954,2362
0.037938,2363
0.037923,2364
0.037908,2365
0.037892,2366
0.037877,2367
0.037861,2368
0.037846,2369
0.037831,2370
0.037815,2371
0.037800,2372
0.037785,2373
0.037769,2374
0.037754,2375
0.037739,2376
0.037723,2377
0.037708,2378
0.037693,2379
0.037677,2380
0.037662,2381
0.037647,2382
0.037632,2383
0.037616,2384
0.037601,2385
0.037586,2386
0.037571,2387
0.037555,2388
0.037540,2389
0.037525,2390
0.037510,2391
0.037495,2392
0.037479,2393
0.037464,2394
0.037449,2395
0.037434,2396
0.037419,2397
0.037404,2398
0.037389,2399
0.037374,2400
0.037358,2401
0.037343,2402
0.037328,2403
0.037313,2404
0.037298,2405
0.037283,2406
0.037268,2407
0.037253,2408
0.037238,2409
0.037223,2410
0.037208,2411
0.037193,2412
0.037178,2413
0.037163,2414
0.037148,2415
0.037133,2416
0.037118,2417
0.037103,2418
0.037088,2419
0.037073,2420
0.037058,2421
0.037043,2422
0.037028,2423
0.037013,2424
0.036998,2425
0.036983,2426
0.036969,2427
0.036954,2428
0.036939,2429
0.036924,2430
0.036909,2431
0.036894,2432
0.036879,2433
0.036865,2434
0.036850,2435
0.036835,2436
0.036820,2437
0.036805,2438
0.036791,2439
0.036776,2440
0.036761,2441
0.036746,2442
0.036732,2443
0.036717,2444
0.036702,2445
0.036687,2446
0.036673,2447
0.036658,2448
0.036643,2449
0.036628,2450
0.036614,2451
0.036599,2452
0.036584,2453
0.036570,2454
0.036555,2455
0.036540,2456
0.036526,2457
0.036511,2458
0.036497,2459
0.036482,2460
0.036467,2461
0.036453,2462
0.036438,2463
0.036423,2464
0.036409,2465
0.036394,2466
0.036380,2467
0.036365,2468
0.036351,2469
0.036336,2470
0.036322,2471
0.036307,2472
0.036293,2473
0.036278,2474
0.036264,2475
0.036249,2476
0.036235,2477
0.036220,2478
0.036206,2479
0.036191,2480
0.036177,2481
0.036162,2482
0.036148,2483
0.036133,2484
0.036119,2485
0.036105,2486
0.036090,2487
0.036076,2488
0.036061,2489
0.036047,2490
0.036033,2491
0.036018,2492
0.036004,2493
0.035990,2494
0.035975,2495
0.035961,2496
0.035947,2497
0.035932,2498
0.035918,2499
0.035904,2500
0.035889,2501
0.035875,2502
0.035861,2503
0.035847,2504
0.035832,2505
0.035818,2506
0.035804,2507
0.035790,2508
0.035775,2509
0.035761,2510
0.035747,2511
0.035733,2512
0.035718,2513
0.035704,2514
0.035690,2515
0.035676,2516
0.035662,2517
0.035648,2518
0.035633,2519
0.035619,2520
0.035605,2521
0.035591,2522
0.035577,2523
0.035563,2524
0.035549,2525
0.035534,2526
0.035520,2527
0.035506,2528
0.035492,2529
0.035478,2530
0.035464,2531
0.035450,2532
0.035436,2533
0.035422,2534
0.035408,2535
0.035394,2536
0.035380,2537
0.035366,2538
0.035352,2539
0.035338,2540
0.035324,2541
0.035310,2542
0.035296,2543
0.035282,2544
0.035268,2545
0.035254,2546
0.035240,2547
0.035226,2548
0.035212,2549
0.035198,2550
0.035184,2551
0.035170,2552
0.035157,2553
0.035143,2554
0.035129,2555
0.035115,2556
0.035101,2557
0.035087,2558
0.035073,2559
0.035059,2560
0.035046,2561
0.035032,2562
0.035018,2563
0.035004,2564
0.034990,2565
0.034977,2566
0.034963,2567
0.034949,2568
0.034935,2569
0.034921,2570
0.034908,2571
0.034894,2572
0.034880,2573
0.034866,2574
0.034853,2575
0.034839,2576
0.034825,2577
0.034811,2578
0.034798,2579
0.034784,2580
0.034770,2581
0.034757,2582
0.034743,2583
0.034729,2584
0.034716,2585
0.034702,2586
0.034688,2587
0.034675,2588
0.034661,2589
0.034647,2590
0.034634,2591
0.034620,2592
0.034607,2593
0.034593,2594
0.034579,2595
0.034566,2596
0.034552,2597
0.034539,2598
0.034525,2599
0.034511,2600
0.034498,2601
0.034484,2602
0.034471,2603
0.034457,2604
0.034444,2605
0.034430,2606
0.034417,2607
0.034403,2608
0.034390,2609
0.034376,2610
0.034363,2611
0.034349,2612
0.034336,2613
0.034322,2614
0.034309,2615
0.034296,2616
0.034282,2617
0.034269,2618
0.034255,2619
0.034242,2620
0.034228,2621
0.034215,2622
0.034202,2623
0.034188,2624
0.034175,2625
0.034161,2626
0.034148,2627
0.034135,2628
0.034121,2629
0.034108,2630
0.034095,2631
0.034081,2632
0.034068,2633
0.034055,2634
0.034041,2635
0.034028,2636
0.034015,2637
0.034001,2638
0.033988,2639
0.033975,2640
0.033962,2641
0.033948,2642
0.033935,2643
0.033922,2644
0.033909,2645
0.033895,2646
0.033882,2647
0.033869,2648
0.033856,2649
0.033843,2650
0.033829,2651
0.033816,2652
0.033803,2653
0.033790,2654
0.033777,2655
0.033763,2656
0.033750,2657
0.033737,2658
0.033724,2659
0.033711,2660
0.033698,2661
0.033685,2662
0.033671,2663
0.033658,2664
0.033645,2665
0.033632,2666
0.033619,2667
0.033606,2668
0.033593,2669
0.033580,2670
0.033567,2671
0.033554,2672
0.033541,2673
0.033528,2674
0.033514,2675
0.033501,2676
0.033488,2677
0.033475,2678
0.033462,2679
0.033449,2680
0.033436,2681
0.033423,2682
0.033410,2683
0.033397,2684
0.033384,2685
0.033372,2686
0.033359,2687
0.033346,2688
0.033333,2689
0.033320,2690
0.033307,2691
0.033294,2692
0.033281,2693
0.033268,2694
0.033255,2695
0.033242,2696
0.033229,2697
0.033216,2698
0.033204,2699
0.033191,2700
0.033178,2701
0.033165,2702
0.033152,2703
0.033139,2704
0.033126,2705
0.033114,2706
0.033101,2707
0.033088,2708
0.033075,2709
0.033062,2710
0.033050,2711
0.033037,2712
0.033024,2713
0.033011,2714
0.032998,2715
0.032986,2716
0.032973,2717
0.032960,2718
0.032947,2719
0.032935,2720
0.032922,2721
0.032909,2722
0.032896,2723
0.032884,2724
0.032871,2725
0.032858,2726
0.032846,2727
0.032833,2728
0.032820,2729
0.032808,2730
0.032795,2731
0.032782,2732
0.032770,2733
0.032757,2734
0.032744,2735
0.032732,2736
0.032719,2737
0.032706,2738
0.032694,2739
0.032681,2740
0.032668,2741
0.032656,2742
0.032643,2743
0.032631,2744
0.032618,2745
0.032606,2746
0.032593,2747
0.032580,2748
0.032568,2749
0.032555,2750
0.032543,2751
0.032530,2752
0.032518,2753
0.032505,2754
0.032493,2755
0.032480,2756
0.032468,2757
0.032455,2758
0.032443,2759
0.032430,2760
0.032418,2761
0.032405,2762
0.032393,2763
0.032380,2764
0.032368,2765
0.032355,2766
0.032343,2767
0.032330,2768
0.032318,2769
0.032306,2770
0.032293,2771
0.032281,2772
0.032268,2773
0.032256,2774
0.032243,2775
0.032231,2776
0.032219,2777
0.032206,2778
0.032194,2779
0.032182,2780
0.032169,2781
0.032157,2782
0.032145,2783
0.032132,2784
0.032120,2785
0.032108,2786
0.032095,2787
0.032083,2788
0.032071,2789
0.032058,2790
0.032046,2791
0.032034,2792
0.032021,2793
0.032009,2794
0.031997,2795
0.031985,2796
0.031972,2797
0.031960,2798
0.031948,2799
0.031936,2800
0.031923,2801
0.031911,2802
0.031899,2803
0.031887,2804
0.031874,2805
0.031862,2806
0.031850,2807
0.031838,2808
0.031826,2809
0.031813,2810
0.031801,2811
0.031789,2812
0.031777,2813
0.031765,2814
0.031753,2815
0.031740,2816
0.031728,2817
0.031716,2818
0.031704,2819
0.031692,2820
0.031680,2821
0.031668,2822
0.031656,2823
0.031643,2824
0.031631,2825
0.031619,2826
0.031607,2827
0.031595,2828
0.031583,2829
0.031571,2830
0.031559,2831
0.031547,2832
0.031535,2833
0.031523,2834
0.031511,2835
0.031499,2836
0.031487,2837
0.031475,2838
0.031463,2839
0.031451,2840
0.031439,2841
0.031427,2842
0.031415,2843
0.031403,2844
0.031391,2845
0.031379,2846
0.031367,2847
0.031355,2848
0.031343,2849
0.031331,2850
0.031319,2851
0.031307,2852
0.031295,2853
0.031283,2854
0.031271,2855
0.031259,2856
0.031248,2857
0.031236,2858
0.031224,2859
0.031212,2860
0.031200,2861
0.031188,2862
0.031176,2863
0.031164,2864
0.031152,2865
0.031141,2866
0.031129,2867
0.031117,2868
0.031105,2869
0.031093,2870
0.031081,2871
0.031070,2872
0.031058,2873
0.031046,2874
0.031034,2875
0.031022,2876
0.031011,2877
0.030999,2878
0.030987,2879
0.030975,2880
0.030964,2881
0.030952,2882
0.030940,2883
0.030928,2884
0.030917,2885
0.030905,2886
0.030893,2887
0.030881,2888
0.030870,2889
0.030858,2890
0.030846,2891
0.030834,2892
0.030823,2893
0.030811,2894
0.030799,2895
0.030788,2896
0.030776,2897
0.030764,2898
0.030753,2899
0.030741,2900
0.030729,2901
0.030718,2902
0.030706,2903
0.030694,2904
0.030683,2905
0.030671,2906
0.030660,2907
0.030648,2908
0.030636,2909
0.030625,2910
0.030613,2911
0.030602,2912
0.030590,2913
0.030578,2914
0.030567,2915
0.030555,2916
0.030544,2917
0.030532,2918
0.030521,2919
0.030509,2920
0.030498,2921
0.030486,2922
0.030475,2923
0.030463,2924
0.030451,2925
0.030440,2926
0.030428,2927
0.030417,2928
0.030405,2929
0.030394,2930
0.030382,2931
0.030371,2932
0.030360,2933
0.030348,2934
0.030337,2935
0.030325,2936
0.030314,2937
0.030302,2938
0.030291,2939
0.030279,2940
0.030268,2941
0.030257,2942
0.030245,2943
0.030234,2944
0.030222,2945
0.030211,2946
0.030199,2947
0.030188,2948
0.030177,2949
0.030165,2950
0.030154,2951
0.030143,2952
0.030131,2953
0.030120,2954
0.030108,2955
0.030097,2956
0.030086,2957
0.030074,2958
0.030063,2959
0.030052,2960
0.030040,2961
0.030029,2962
0.030018,2963
0.030007,2964
0.029995,2965
0.029984,2966
0.029973,2967
0.029961,2968
0.029950,2969
0.029939,2970
0.029928,2971
0.029916,2972
0.029905,2973
0.029894,2974
0.029883,2975
0.029871,2976
0.029860,2977
0.029849,2978
0.029838,2979
0.029826,2980
0.029815,2981
0.029804,2982
0.029793,2983
0.029782,2984
0.029770,2985
0.029759,2986
0.029748,2987
0.029737,2988
0.029726,2989
0.029714,2990
0.029703,2991
0.029692,2992
0.029681,2993
0.029670,2994
0.029659,2995
0.029648,2996
0.029636,2997
0.029625,2998
0.029614,2999
0.029603,3000
0.029592,3001
0.029581,3002
0.029570,3003
0.029559,3004
0.029548,3005
0.029536,3006
0.029525,3007
0.029514,3008
0.029503,3009
0.029492,3010
0.029481,3011
0.029470,3012
0.029459,3013
0.029448,3014
0.029437,3015
0.029426,3016
0.029415,3017
0.029404,3018
0.029393,3019
0.029382,3020
0.029371,3021
0.029360,3022
0.029349,3023
0.029338,3024
0.029327,3025
0.029316,3026
0.029305,3027
0.029294,3028
0.029283,3029
0.029272,3030
0.029261,3031
0.029250,3032
0.029239,3033
0.029228,3034
0.029217,3035
0.029206,3036
0.029195,3037
0.029185,3038
0.029174,3039
0.029163,3040
0.029152,3041
0.029141,3042
0.029130,3043
0.029119,3044
0.029108,3045
0.029097,3046
0.029087,3047
0.029076,3048
0.029065,3049
0.029054,3050
0.029043,3051
0.029032,3052
0.029021,3053
0.029011,3054
0.029000,3055
0.028989,3056
0.028978,3057
0.028967,3058
0.028956,3059
0.028946,3060
0.028935,3061
0.028924,3062
0.028913,3063
0.028902,3064
0.028892,3065
0.028881,3066
0.028870,3067
0.028859,3068
0.028849,3069
0.028838,3070
0.028827,3071
0.028816,3072
0.028806,3073
0.028795,3074
0.028784,3075
0.028773,3076
0.028763,3077
0.028752,3078
0.028741,3079
0.028731,3080
0.028720,3081
0.028709,3082
0.028699,3083
0.028688,3084
0.028677,3085
0.028666,3086
0.028656,3087
0.028645,3088
0.028634,3089
0.028624,3090
0.028613,3091
0.028602,3092
0.028592,3093
0.028581,3094
0.028571,3095
0.028560,3096
0.028549,3097
0.028539,3098
0.028528,3099
0.028517,3100
0.028507,3101
0.028496,3102
0.028486,3103
0.028475,3104
0.028464,3105
0.028454,3106
0.028443,3107
0.028433,3108
0.028422,3109
0.028412,3110
0.028401,3111
0.028391,3112
0.028380,3113
0.028369,3114
0.028359,3115
0.028348,3116
0.028338,3117
0.028327,3118
0.028317,3119
0.028306,3120
0.028296,3121
0.028285,3122
0.028275,3123
0.028264,3124
0.028254,3125
0.028243,3126
0.028233,3127
0.028222,3128
0.028212,3129
0.028201,3130
0.028191,3131
0.028181,3132
0.028170,3133
0.028160,3134
0.028149,3135
0.028139,3136
0.028128,3137
0.028118,3138
0.028107,3139
0.028097,3140
0.028087,3141
0.028076,3142
0.028066,3143
0.028055,3144
0.028045,3145
0.028035,3146
0.028024,3147
0.028014,3148
0.028003,3149
0.027993,3150
0.027983,3151
0.027972,3152
0.027962,3153
0.027952,3154
0.027941,3155
0.027931,3156
0.027921,3157
0.027910,3158
0.027900,3159
0.027890,3160
0.027879,3161
0.027869,3162
0.027859,3163
0.027848,3164
0.027838,3165
0.027828,3166
0.027818,3167
0.027807,3168
0.027797,3169
0.027787,3170
0.027776,3171
0.027766,3172
0.027756,3173
0.027746,3174
0.027735,3175
0.027725,3176
0.027715,3177
0.027705,3178
0.027694,3179
0.027684,3180
0.027674,3181
0.027664,3182
0.027654,3183
0.027643,3184
0.027633,3185
0.027623,3186
0.027613,3187
0.027603,3188
0.027592,3189
0.027582,3190
0.027572,3191
0.027562,3192
0.027552,3193
0.027542,3194
0.027531,3195
0.027521,3196
0.027511,3197
0.027501,3198
0.027491,3199
0.027481,3200
0.027471,3201
0.027460,3202
0.027450,3203
0.027440,3204
0.027430,3205
0.027420,3206
0.027410,3207
0.027400,3208
0.027390,3209
0.027380,3210
0.027369,3211
0.027359,3212
0.027349,3213
0.027339,3214
0.027329,3215
0.027319,3216
0.027309,3217
0.027299,3218
0.027289,3219
0.027279,3220
0.027269,3221
0.027259,3222
0.027249,3223
0.027239,3224
0.027229,3225
0.027219,3226
0.027209,3227
0.027199,3228
0.027189,3229
0.027179,3230
0.027169,3231
0.027159,3232
0.027149,3233
0.027139,3234
0.027129,3235
0.027119,3236
0.027109,3237
0.027099,3238
0.027089,3239
0.027079,3240
0.027069,3241
0.027059,3242
0.027049,3243
0.027039,3244
0.027029,3245
0.027019,3246
0.027009,3247
0.026999,3248
0.026990,3249
0.026980,3250
0.026970,3251
0.026960,3252
0.026950,3253
0.026940,3254
0.026930,3255
0.026920,3256
0.026910,3257
0.026900,3258
0.026891,3259
0.026881,3260
0.026871,3261
0.026861,3262
0.026851,3263
0.026841,3264
0.026831,3265
0.026822,3266
0.026812,3267
0.026802,3268
0.026792,3269
0.026782,3270
0.026772,3271
0.026763,3272
0.026753,3273
0.026743,3274
0.026733,3275
0.026723,3276
0.026714,3277
0.026704,3278
0.026694,3279
0.026684,3280
0.026675,3281
0.026665,3282
0.026655,3283
0.026645,3284
0.026635,3285
0.026626,3286
0.026616,3287
0.026606,3288
0.026596,3289
0.026587,3290
0.026577,3291
0.026567,3292
0.026558,3293
0.026548,3294
0.026538,3295
0.026528,3296
0.026519,3297
0.026509,3298
0.026499,3299
0.026490,3300
0.026480,3301
0.026470,3302
0.026461,3303
0.026451,3304
0.026441,3305
0.026432,3306
0.026422,3307
0.026412,3308
0.026403,3309
0.026393,3310
0.026383,3311
0.026374,3312
0.026364,3313
0.026354,3314
0.026345,3315
0.026335,3316
0.026325,3317
0.026316,3318
0.026306,3319
0.026297,3320
0.026287,3321
0.026277,3322
0.026268,3323
0.026258,3324
0.026249,3325
0.026239,3326
0.026229,3327
0.026220,3328
0.026210,3329
0.026201,3330
0.026191,3331
0.026182,3332
0.026172,3333
0.026163,3334
0.026153,3335
0.026143,3336
0.026134,3337
0.026124,3338
0.026115,3339
0.026105,3340
0.026096,3341
0.026086,3342
0.026077,3343
0.026067,3344
0.026058,3345
0.026048,3346
0.026039,3347
0.026029,3348
0.026020,3349
0.026010,3350
0.026001,3351
0.025991,3352
0.025982,3353
0.025972,3354
0.025963,3355
0.025954,3356
0.025944,3357
0.025935,3358
0.025925,3359
0.025916,3360
0.025906,3361
0.025897,3362
0.025887,3363
0.025878,3364
0.025869,3365
0.025859,3366
0.025850,3367
0.025840,3368
0.025831,3369
0.025822,3370
0.025812,3371
0.025803,3372
0.025793,3373
0.025784,3374
0.025775,3375
0.025765,3376
0.025756,3377
0.025746,3378
0.025737,3379
0.025728,3380
0.025718,3381
0.025709,3382
0.025700,3383
0.025690,3384
0.025681,3385
0.025672,3386
0.025662,3387
0.025653,3388
0.025644,3389
0.025634,3390
0.025625,3391
0.025616,3392
0.025607,3393
0.025597,3394
0.025588,3395
0.025579,3396
0.025569,3397
0.025560,3398
0.025551,3399
0.025541,3400
0.025532,3401
0.025523,3402
0.025514,3403
0.025504,3404
0.025495,3405
0.025486,3406
0.025477,3407
0.025467,3408
0.025458,3409
0.025449,3410
0.025440,3411
0.025430,3412
0.025421,3413
0.025412,3414
0.025403,3415
0.025394,3416
0.025384,3417
0.025375,3418
0.025366,3419
0.025357,3420
0.025348,3421
0.025338,3422
0.025329,3423
0.025320,3424
0.025311,3425
0.025302,3426
0.025293,3427
0.025283,3428
0.025274,3429
0.025265,3430
0.025256,3431
0.025247,3432
0.025238,3433
0.025228,3434
0.025219,3435
0.025210,3436
0.025201,3437
0.025192,3438
0.025183,3439
0.025174,3440
0.025165,3441
0.025155,3442
0.025146,3443
0.025137,3444
0.025128,3445
0.025119,3446
0.025110,3447
0.025101,3448
0.025092,3449
0.025083,3450
0.025074,3451
0.025065,3452
0.025056,3453
0.025046,3454
0.025037,3455
0.025028,3456
0.025019,3457
0.025010,3458
0.025001,3459
0.024992,3460
0.024983,3461
0.024974,3462
0.024965,3463
0.024956,3464
0.024947,3465
0.024938,3466
0.024929,3467
0.024920,3468
0.024911,3469
0.024902,3470
0.024893,3471
0.024884,3472
0.024875,3473
0.024866,3474
0.024857,3475
0.024848,3476
0.024839,3477
0.024830,3478
0.024821,3479
0.024812,3480
0.024803,3481
0.024794,3482
0.024785,3483
0.024776,3484
0.024767,3485
0.024758,3486
0.024750,3487
0.024741,3488
0.024732,3489
0.024723,3490
0.024714,3491
0.024705,3492
0.024696,3493
0.024687,3494
0.024678,3495
0.024669,3496
0.024660,3497
0.024651,3498
0.024643,3499
0.024634,3500
0.024625,3501
0.024616,3502
0.024607,3503
0.024598,3504
0.024589,3505
0.024580,3506
0.024572,3507
0.024563,3508
0.024554,3509
0.024545,3510
0.024536,3511
0.024527,3512
0.024519,3513
0.024510,3514
0.024501,3515
0.024492,3516
0.024483,3517
0.024474,3518
0.024466,3519
0.024457,3520
0.024448,3521
0.024439,3522
0.024430,3523
0.024422,3524
0.024413,3525
0.024404,3526
0.024395,3527
0.024386,3528
0.024378,3529
0.024369,3530
0.024360,3531
0.024351,3532
0.024343,3533
0.024334,3534
0.024325,3535
0.024316,3536
0.024308,3537
0.024299,3538
0.024290,3539
0.024281,3540
0.024273,3541
0.024264,3542
0.024255,3543
0.024246,3544
0.024238,3545
0.024229,3546
0.024220,3547
0.024212,3548
0.024203,3549
0.024194,3550
0.024185,3551
0.024177,3552
0.024168,3553
0.024159,3554
0.024151,3555
0.024142,3556
0.024133,3557
0.024125,3558
0.024116,3559
0.024107,3560
0.024099,3561
0.024090,3562
0.024081,3563
0.024073,3564
0.024064,3565
0.024055,3566
0.024047,3567
0.024038,3568
0.024030,3569
0.024021,3570
0.024012,3571
0.024004,3572
0.023995,3573
0.023987,3574
0.023978,3575
0.023969,3576
0.023961,3577
0.023952,3578
0.023944,3579
0.023935,3580
0.023926,3581
0.023918,3582
0.023909,3583
0.023901,3584
0.023892,3585
0.023883,3586
0.023875,3587
0.023866,3588
0.023858,3589
0.023849,3590
0.023841,3591
0.023832,3592
0.023824,3593
0.023815,3594
0.023806,3595
0.023798,3596
0.023789,3597
0.023781,3598
0.023772,3599
0.023764,3600
0.023755,3601
0.023747,3602
0.023738,3603
0.023730,3604
0.023721,3605
0.023713,3606
0.023704,3607
0.023696,3608
0.023687,3609
0.023679,3610
0.023670,3611
0.023662,3612
0.023653,3613
0.023645,3614
0.023637,3615
0.023628,3616
0.023620,3617
0.023611,3618
0.023603,3619
0.023594,3620
0.023586,3621
0.023577,3622
0.023569,3623
0.023560,3624
0.023552,3625
0.023544,3626
0.023535,3627
0.023527,3628
0.023518,3629
0.023510,3630
0.023502,3631
0.023493,3632
0.023485,3633
0.023476,3634
0.023468,3635
0.023460,3636
0.023451,3637
0.023443,3638
0.023434,3639
0.023426,3640
0.023418,3641
0.023409,3642
0.023401,3643
0.023393,3644
0.023384,3645
0.023376,3646
0.023368,3647
0.023359,3648
0.023351,3649
0.023342,3650
0.023334,3651
0.023326,3652
0.023317,3653
0.023309,3654
0.023301,3655
0.023293,3656
0.023284,3657
0.023276,3658
0.023268,3659
0.023259,3660
0.023251,3661
0.023243,3662
0.023234,3663
0.023226,3664
0.023218,3665
0.023210,3666
0.023201,3667
0.023193,3668
0.023185,3669
0.023176,3670
0.023168,3671
0.023160,3672
0.023152,3673
0.023143,3674
0.023135,3675
0.023127,3676
0.023119,3677
0.023110,3678
0.023102,3679
0.023094,3680
0.023086,3681
0.023077,3682
0.023069,3683
0.023061,3684
0.023053,3685
0.023045,3686
0.023036,3687
0.023028,3688
0.023020,3689
0.023012,3690
0.023004,3691
0.022995,3692
0.022987,3693
0.022979,3694
0.022971,3695
0.022963,3696
0.022954,3697
0.022946,3698
0.022938,3699
0.022930,3700
0.022922,3701
0.022914,3702
0.022905,3703
0.022897,3704
0.022889,3705
0.022881,3706
0.022873,3707
0.022865,3708
0.022856,3709
0.022848,3710
0.022840,3711
0.022832,3712
0.022824,3713
0.022816,3714
0.022808,3715
0.022800,3716
0.022792,3717
0.022783,3718
0.022775,3719
0.022767,3720
0.022759,3721
0.022751,3722
0.022743,3723
0.022735,3724
0.022727,3725
0.022719,3726
0.022711,3727
0.022703,3728
0.022694,3729
0.022686,3730
0.022678,3731
0.022670,3732
0.022662,3733
0.022654,3734
0.022646,3735
0.022638,3736
0.022630,3737
0.022622,3738
0.022614,3739
0.022606,3740
0.022598,3741
0.022590,3742
0.022582,3743
0.022574,3744
0.022566,3745
0.022558,3746
0.022550,3747
0.022542,3748
0.022534,3749
0.022526,3750
0.022518,3751
0.022510,3752
0.022502,3753
0.022494,3754
0.022486,3755
0.022478,3756
0.022470,3757
0.022462,3758
0.022454,3759
0.022446,3760
0.022438,3761
0.022430,3762
0.022422,3763
0.022414,3764
0.022406,3765
0.022398,3766
0.022390,3767
0.022382,3768
0.022374,3769
0.022366,3770
0.022358,3771
0.022351,3772
0.022343,3773
0.022335,3774
0.022327,3775
0.022319,3776
0.022311,3777
0.022303,3778
0.022295,3779
0.022287,3780
0.022279,3781
0.022271,3782
0.022264,3783
0.022256,3784
0.022248,3785
0.022240,3786
0.022232,3787
0.022224,3788
0.022216,3789
0.022208,3790
0.022200,3791
0.022193,3792
0.022185,3793
0.022177,3794
0.022169,3795
0.022161,3796
0.022153,3797
0.022145,3798
0.022138,3799
0.022130,3800
0.022122,3801
0.022114,3802
0.022106,3803
0.022098,3804
0.022091,3805
0.022083,3806
0.022075,3807
0.022067,3808
0.022059,3809
0.022052,3810
0.022044,3811
0.022036,3812
0.022028,3813
0.022020,3814
0.022013,3815
0.022005,3816
0.021997,3817
0.021989,3818
0.021981,3819
0.021974,3820
0.021966,3821
0.021958,3822
0.021950,3823
0.021943,3824
0.021935,3825
0.021927,3826
0.021919,3827
0.021912,3828
0.021904,3829
0.021896,3830
0.021888,3831
0.021881,3832
0.021873,3833
0.021865,3834
0.021857,3835
0.021850,3836
0.021842,3837
0.021834,3838
0.021827,3839
0.021819,3840
0.021811,3841
0.021803,3842
0.021796,3843
0.021788,3844
0.021780,3845
0.021773,3846
0.021765,3847
0.021757,3848
0.021750,3849
0.021742,3850
0.021734,3851
0.021727,3852
0.021719,3853
0.021711,3854
0.021704,3855
0.021696,3856
0.021688,3857
0.021681,3858
0.021673,3859
0.021665,3860
0.021658,3861
0.021650,3862
0.021642,3863
0.021635,3864
0.021627,3865
0.021619,3866
0.021612,3867
0.021604,3868
0.021597,3869
0.021589,3870
0.021581,3871
0.021574,3872
0.021566,3873
0.021559,3874
0.021551,3875
0.021543,3876
0.021536,3877
0.021528,3878
0.021521,3879
0.021513,3880
0.021505,3881
0.021498,3882
0.021490,3883
0.021483,3884
0.021475,3885
0.021468,3886
0.021460,3887
0.021452,3888
0.021445,3889
0.021437,3890
0.021430,3891
0.021422,3892
0.021415,3893
0.021407,3894
0.021400,3895
0.021392,3896
0.021385,3897
0.021377,3898
0.021369,3899
0.021362,3900
0.021354,3901
0.021347,3902
0.021339,3903
0.021332,3904
0.021324,3905
0.021317,3906
0.021309,3907
0.021302,3908
0.021294,3909
0.021287,3910
0.021279,3911
0.021272,3912
0.021264,3913
0.021257,3914
0.021249,3915
0.021242,3916
0.021234,3917
0.021227,3918
0.021219,3919
0.021212,3920
0.021205,3921
0.021197,3922
0.021190,3923
0.021182,3924
0.021175,3925
0.021167,3926
0.021160,3927
0.021152,3928
0.021145,3929
0.021138,3930
0.021130,3931
0.021123,3932
0.021115,3933
0.021108,3934
0.021100,3935
0.021093,3936
0.021086,3937
0.021078,3938
0.021071,3939
0.021063,3940
0.021056,3941
0.021049,3942
0.021041,3943
0.021034,3944
0.021026,3945
0.021019,3946
0.021012,3947
0.021004,3948
0.020997,3949
0.020989,3950
0.020982,3951
0.020975,3952
0.020967,3953
0.020960,3954
0.020953,3955
0.020945,3956
0.020938,3957
0.020931,3958
0.020923,3959
0.020916,3960
0.020909,3961
0.020901,3962
0.020894,3963
0.020887,3964
0.020879,3965
0.020872,3966
0.020865,3967
0.020857,3968
0.020850,3969
0.020843,3970
0.020835,3971
0.020828,3972
0.020821,3973
0.020813,3974
0.020806,3975
0.020799,3976
0.020791,3977
0.020784,3978
0.020777,3979
0.020770,3980
0.020762,3981
0.020755,3982
0.020748,3983
0.020741,3984
0.020733,3985
0.020726,3986
0.020719,3987
0.020711,3988
0.020704,3989
0.020697,3990
0.020690,3991
0.020682,3992
0.020675,3993
0.020668,3994
0.020661,3995
0.020653,3996
0.020646,3997
0.020639,3998
0.020632,3999
0.020625,4000
0.020617,4001
0.020610,4002
0.020603,4003
0.020596,4004
0.020588,4005
0.020581,4006
0.020574,4007
0.020567,4008
0.020560,4009
0.020552,4010
0.020545,4011
0.020538,4012
0.020531,4013
0.020524,4014
0.020516,4015
0.020509,4016
0.020502,4017
0.020495,4018
0.020488,4019
0.020481,4020
0.020473,4021
0.020466,4022
0.020459,4023
0.020452,4024
0.020445,4025
0.020438,4026
0.020430,4027
0.020423,4028
0.020416,4029
0.020409,4030
0.020402,4031
0.020395,4032
0.020388,4033
0.020380,4034
0.020373,4035
0.020366,4036
0.020359,4037
0.020352,4038
0.020345,4039
0.020338,4040
0.020331,4041
0.020323,4042
0.020316,4043
0.020309,4044
0.020302,4045
0.020295,4046
0.020288,4047
0.020281,4048
0.020274,4049
0.020267,4050
0.020260,4051
0.020253,4052
0.020245,4053
0.020238,4054
0.020231,4055
0.020224,4056
0.020217,4057
0.020210,4058
0.020203,4059
0.020196,4060
0.020189,4061
0.020182,4062
0.020175,4063
0.020168,4064
0.020161,4065
0.020154,4066
0.020147,4067
0.020140,4068
0.020133,4069
0.020126,4070
0.020119,4071
0.020112,4072
0.020105,4073
0.020098,4074
0.020091,4075
0.020084,4076
0.020077,4077
0.020069,4078
0.020062,4079
0.020055,4080
0.020048,4081
0.020041,4082
0.020035,4083
0.020028,4084
0.020021,4085
0.020014,4086
0.020007,4087
0.020000,4088
